Parties,Document Name,Agreement Date,Expiration Date,License Grant,Non-Transferable License,Exclusivity,Non-Compete,Cap On Liability,Uncapped Liability
inc,agreement,day,date,grants,transferable,exclusive,competitive,damages,damages
collectively,sponsorship,march,effective,license,non,territory,directly,liable,consequential
referred,maintenance,june,terminated,use,grants,exclusively,indirectly,consequential,liable
corporation,strategic,january,unless,hereby,license,field,competing,liability,incidental
company,alliance,december,term,exclusive,exclusive,products,engage,special,indemnification
llc,amendment,april,continue,non,solely,distribute,competitor,incidental,breach
parties,outsourcing,february,earlier,free,use,market,not,indirect,special
individually,development,november,commence,royalty,sublicense,accepts,compete,arising,punitive
com,branding,october,years,solely,hereby,subject,competitors,profits,negligence
ltd,endorsement,september,initial,worldwide,free,sell,competition,loss,liability
international,hosting,of,until,transferable,nontransferable,exclusivity,similar,breach,possibility
corp,transportation,july,on,right,royalty,appoints,nor,possibility,indirect
holdings,co,august,effect,grant,conditions,conditions,home,punitive,arising
fund,manufacturing,may,this,trademarks,right,hereby,miles,negligence,except
co,joint,dated,begin,conditions,sublicensable,promote,director,tort,confidentiality
